timestamp,EAR,Blink Rate,Blink Duration,IBI,Incomplete Blink Ratio,PERCLOS
20.038,0.1585,0.00,0.0000,0.0000,0.0000,0.00
20.184,0.1766,0.00,0.0000,0.0000,0.0000,0.00
20.213,0.2063,0.00,0.0000,0.0000,1.0000,0.00
20.281,0.2573,0.00,0.0000,0.0000,1.0000,0.00
20.342,0.2960,0.00,0.0000,0.0000,1.0000,0.00
20.380,0.3084,0.00,0.0000,0.0000,1.0000,0.00
20.427,0.3085,0.00,0.0000,0.0000,1.0000,0.00
20.476,0.3074,0.00,0.0000,0.0000,1.0000,0.00
20.524,0.3107,0.00,0.0000,0.0000,1.0000,0.00
20.598,0.3090,0.00,0.0000,0.0000,1.0000,0.00
20.645,0.3111,0.00,0.0000,0.0000,1.0000,0.00
20.684,0.3091,0.00,0.0000,0.0000,1.0000,0.00
20.740,0.3144,0.00,0.0000,0.0000,1.0000,0.00
20.792,0.3085,0.00,0.0000,0.0000,1.0000,0.00
20.820,0.3059,0.00,0.0000,0.0000,1.0000,0.00
20.885,0.3017,0.00,0.0000,0.0000,1.0000,0.00
20.923,0.3072,0.00,0.0000,0.0000,1.0000,0.00
20.983,0.3158,0.00,0.0000,0.0000,1.0000,0.00
21.037,0.3256,0.00,0.0000,0.0000,1.0000,0.00
21.083,0.3379,0.00,0.0000,0.0000,1.0000,0.00
21.125,0.3436,0.00,0.0000,0.0000,1.0000,0.00
21.168,0.3485,0.00,0.0000,0.0000,1.0000,0.00
21.222,0.3508,0.00,0.0000,0.0000,1.0000,0.00
21.279,0.3530,0.00,0.0000,0.0000,1.0000,0.00
21.318,0.3579,0.00,0.0000,0.0000,1.0000,0.00
21.359,0.3620,0.00,0.0000,0.0000,1.0000,0.00
21.412,0.3620,0.00,0.0000,0.0000,1.0000,0.00
21.451,0.3607,0.00,0.0000,0.0000,1.0000,0.00
21.494,0.3611,0.00,0.0000,0.0000,1.0000,0.00
21.557,0.3698,0.00,0.0000,0.0000,1.0000,0.00
21.597,0.3726,0.00,0.0000,0.0000,1.0000,0.00
21.654,0.3708,0.00,0.0000,0.0000,1.0000,0.00
21.695,0.3696,0.00,0.0000,0.0000,1.0000,0.00
21.745,0.3704,0.00,0.0000,0.0000,1.0000,0.00
21.805,0.3681,0.00,0.0000,0.0000,1.0000,0.00
21.863,0.3620,0.00,0.0000,0.0000,1.0000,0.00
21.924,0.3548,0.00,0.0000,0.0000,1.0000,0.00
21.966,0.3536,0.00,0.0000,0.0000,1.0000,0.00
22.020,0.3522,0.00,0.0000,0.0000,1.0000,0.00
22.060,0.3493,0.00,0.0000,0.0000,1.0000,0.00
22.107,0.3463,0.00,0.0000,0.0000,1.0000,0.00
22.157,0.3471,0.00,0.0000,0.0000,1.0000,0.00
22.198,0.3515,0.00,0.0000,0.0000,1.0000,0.00
22.262,0.3534,0.00,0.0000,0.0000,1.0000,0.00
22.304,0.3509,0.00,0.0000,0.0000,1.0000,0.00
22.347,0.3478,0.00,0.0000,0.0000,1.0000,0.00
22.395,0.3474,0.00,0.0000,0.0000,1.0000,0.00
22.449,0.3528,0.00,0.0000,0.0000,1.0000,0.00
22.491,0.2761,0.00,0.0000,0.0000,1.0000,0.00
22.547,0.1843,0.00,0.0000,0.0000,1.0000,0.00
22.601,0.0848,0.00,0.0000,0.0000,1.0000,0.00
22.662,0.1319,350.82,0.1710,0.0000,0.5000,9.87
22.704,0.2075,281.43,0.1710,0.0422,0.5000,9.68
22.760,0.2910,222.99,0.1710,0.0980,0.5000,9.50
22.801,0.3098,193.55,0.1710,0.1390,0.5000,9.33
22.854,0.3173,165.30,0.1710,0.1920,0.5000,9.16
22.885,0.3191,155.88,0.1710,0.2139,0.5000,9.00
22.936,0.3146,134.95,0.1710,0.2736,0.5000,8.85
22.998,0.3026,118.41,0.1710,0.3357,0.5000,8.70
23.052,0.2911,106.92,0.1710,0.3902,0.5000,8.55
23.105,0.2908,97.67,0.1710,0.4433,0.5000,8.41
23.149,0.2935,91.13,0.1710,0.4873,0.5000,8.28
23.191,0.3047,85.77,0.1710,0.5285,0.5000,8.14
23.250,0.3058,79.09,0.1710,0.5876,0.5000,8.02
23.301,0.3063,74.05,0.1710,0.6393,0.5000,7.89
23.356,0.3058,69.39,0.1710,0.6936,0.5000,7.77
23.403,0.3110,65.80,0.1710,0.7408,0.5000,7.66
23.465,0.3184,61.61,0.1710,0.8028,0.5000,7.55
23.493,0.3158,59.86,0.1710,0.8313,0.5000,7.44
23.551,0.3131,56.62,0.1710,0.8887,0.5000,7.33
23.595,0.3093,54.36,0.1710,0.9328,0.5000,7.23
23.651,0.3093,51.73,0.1710,0.9888,0.5000,7.13
23.701,0.3096,49.59,0.1710,1.0388,0.5000,7.03
23.742,0.3135,47.96,0.1710,1.0801,0.5000,6.93
23.788,0.3160,46.28,0.1710,1.1255,0.5000,6.84
23.836,0.3159,44.62,0.1710,1.1736,0.5000,6.75
23.895,0.3137,42.74,0.1710,1.2328,0.5000,6.66
23.952,0.3135,41.06,0.1710,1.2902,0.5000,6.58
23.995,0.3130,39.89,0.1710,1.3330,0.5000,6.49
24.038,0.3132,38.77,0.1710,1.3764,0.5000,6.41
24.118,0.3144,36.88,0.1710,1.4558,0.5000,6.33
24.134,0.3124,36.51,0.1710,1.4724,0.5000,6.26
24.199,0.3126,35.14,0.1710,1.5367,0.5000,6.18
24.236,0.3117,34.38,0.1710,1.5744,0.5000,6.11
24.282,0.3145,33.49,0.1710,1.6204,0.5000,6.04
24.346,0.3166,32.35,0.1710,1.6837,0.5000,5.97
24.384,0.3188,31.70,0.1710,1.7218,0.5000,5.90
24.436,0.3208,30.85,0.1710,1.7738,0.5000,5.83
24.475,0.3212,30.25,0.1710,1.8127,0.5000,5.76
24.532,0.3175,29.40,0.1710,1.8697,0.5000,5.70
24.571,0.3149,28.85,0.1710,1.9086,0.5000,5.64
24.620,0.3149,28.19,0.1710,1.9577,0.5000,5.58
24.694,0.3210,27.24,0.1710,2.0316,0.5000,5.52
24.736,0.3218,26.73,0.1710,2.0739,0.5000,5.46
24.784,0.3241,26.17,0.1710,2.1216,0.5000,5.40
24.828,0.3312,25.68,0.1710,2.1656,0.5000,5.34
24.875,0.3355,25.17,0.1710,2.2128,0.5000,5.29
24.938,0.3417,24.52,0.1710,2.2760,0.5000,5.24
24.997,0.3434,23.94,0.1710,2.3354,0.5000,5.18
25.035,0.3498,23.58,0.1710,2.3732,0.5000,5.13
25.083,0.3462,23.15,0.1710,2.4213,0.5000,5.08
25.132,0.3411,22.72,0.1710,2.4697,0.5000,5.03
25.178,0.3409,22.33,0.1710,2.5162,0.5000,4.98
25.253,0.3423,21.73,0.1710,2.5907,0.5000,4.93
25.292,0.3471,21.42,0.1710,2.6303,0.5000,4.89
25.332,0.3476,21.12,0.1710,2.6702,0.5000,4.84
25.372,0.3510,20.83,0.1710,2.7098,0.5000,4.80
25.428,0.2560,20.43,0.1710,2.7662,0.5000,4.75
25.488,0.1603,20.02,0.1710,2.8259,0.5000,4.71
25.511,0.0620,19.86,0.1710,2.8494,0.5000,4.66
25.568,0.0578,19.50,0.1710,2.9058,0.5000,4.62
25.617,0.0689,19.20,0.1710,2.9546,0.5000,4.58
25.671,0.0950,18.87,0.1710,3.0086,0.5000,4.54
25.723,0.1588,37.12,0.2331,3.0614,0.3333,12.27
25.772,0.2195,36.58,0.2331,3.0614,0.3333,12.16
25.825,0.2634,36.00,0.2331,3.0614,0.3333,12.06
25.868,0.2757,35.54,0.2331,3.0614,0.3333,11.95
25.914,0.2752,35.05,0.2331,3.0614,0.3333,11.85
25.975,0.2819,34.45,0.2331,3.0614,0.3333,11.75
26.012,0.2862,34.08,0.2331,3.0614,0.3333,11.65
26.060,0.3186,33.62,0.2331,3.0614,0.3333,11.56
26.110,0.3476,33.16,0.2331,3.0614,0.3333,11.46
26.165,0.3705,32.67,0.2331,3.0614,0.3333,11.37
26.222,0.3736,32.17,0.2331,3.0614,0.3333,11.28
26.247,0.3722,31.95,0.2331,3.0614,0.3333,11.19
26.309,0.3767,31.43,0.2331,3.0614,0.3333,11.10
26.365,0.3731,30.98,0.2331,3.0614,0.3333,11.01
26.396,0.3714,30.73,0.2331,3.0614,0.3333,10.93
26.453,0.3671,30.29,0.2331,3.0614,0.3333,10.84
26.509,0.3645,29.86,0.2331,3.0614,0.3333,10.76
26.558,0.3547,29.51,0.2331,3.0614,0.3333,10.68
26.589,0.3500,29.29,0.2331,3.0614,0.3333,10.60
26.635,0.3446,28.96,0.2331,3.0614,0.3333,10.52
26.682,0.3525,28.63,0.2331,3.0614,0.3333,10.44
26.743,0.3589,28.22,0.2331,3.0614,0.3333,10.36
26.796,0.3716,27.88,0.2331,3.0614,0.3333,10.28
26.844,0.3768,27.56,0.2331,3.0614,0.3333,10.21
26.891,0.3753,27.28,0.2331,3.0614,0.3333,10.13
26.940,0.3690,26.97,0.2331,3.0614,0.3333,10.06
27.017,0.3716,26.52,0.2331,3.0614,0.3333,9.99
27.053,0.3747,26.30,0.2331,3.0614,0.3333,9.92
27.100,0.3892,26.04,0.2331,3.0614,0.3333,9.85
27.163,0.3896,25.68,0.2331,3.0614,0.3333,9.78
27.197,0.3945,25.50,0.2331,3.0614,0.3333,9.71
27.245,0.3880,25.24,0.2331,3.0614,0.3333,9.65
27.293,0.3916,24.99,0.2331,3.0614,0.3333,9.58
27.350,0.4015,24.69,0.2331,3.0614,0.3333,9.51
27.405,0.4036,24.42,0.2331,3.0614,0.3333,9.45
27.445,0.4092,24.22,0.2331,3.0614,0.3333,9.39
27.482,0.4039,24.04,0.2331,3.0614,0.3333,9.32
27.534,0.4059,23.80,0.2331,3.0614,0.3333,9.26
27.579,0.4034,23.59,0.2331,3.0614,0.3333,9.20
27.640,0.3994,23.31,0.2331,3.0614,0.3333,9.14
27.698,0.3996,23.05,0.2331,3.0614,0.3333,9.08
27.739,0.3974,22.87,0.2331,3.0614,0.3333,9.02
27.788,0.4015,22.66,0.2331,3.0614,0.3333,8.97
27.847,0.4064,22.41,0.2331,3.0614,0.3333,8.91
27.900,0.4113,22.19,0.2331,3.0614,0.3333,8.85
27.947,0.4113,22.00,0.2331,3.0614,0.3333,8.80
28.007,0.4067,21.76,0.2331,3.0614,0.3333,8.74
28.061,0.3995,21.54,0.2331,3.0614,0.3333,8.69
28.087,0.3961,21.44,0.2331,3.0614,0.3333,8.63
28.150,0.3960,21.21,0.2331,3.0614,0.3333,8.58
28.188,0.3998,21.06,0.2331,3.0614,0.3333,8.53
28.246,0.4043,20.85,0.2331,3.0614,0.3333,8.48
28.301,0.4043,20.65,0.2331,3.0614,0.3333,8.43
28.343,0.4060,20.50,0.2331,3.0614,0.3333,8.37
28.384,0.4072,20.36,0.2331,3.0614,0.3333,8.32
28.429,0.4073,20.21,0.2331,3.0614,0.3333,8.28
28.518,0.4048,19.91,0.2331,3.0614,0.3333,8.23
28.572,0.4011,19.73,0.2331,3.0614,0.3333,8.18
28.618,0.4019,19.58,0.2331,3.0614,0.3333,8.13
28.690,0.4040,19.36,0.2331,3.0614,0.3333,8.08
28.734,0.3971,19.22,0.2331,3.0614,0.3333,8.04
28.784,0.3957,19.07,0.2331,3.0614,0.3333,7.99
28.822,0.3953,18.95,0.2331,3.0614,0.3333,7.95
28.887,0.3992,18.76,0.2331,3.0614,0.3333,7.90
28.918,0.3928,18.67,0.2331,3.0614,0.3333,7.86
28.973,0.3905,18.51,0.2331,3.0614,0.3333,7.81
29.014,0.3883,18.40,0.2331,3.0614,0.3333,7.77
29.053,0.3883,18.29,0.2331,3.0614,0.3333,7.73
29.100,0.2741,18.16,0.2331,3.0614,0.3333,7.68
29.159,0.1648,18.00,0.2331,3.0614,0.3333,7.64
29.224,0.0650,17.82,0.2331,3.0614,0.3333,7.60
29.289,0.0761,17.65,0.2331,3.0614,0.3333,7.56
29.351,0.1562,26.24,0.2392,3.6274,0.2500,11.57
29.388,0.2270,26.10,0.2392,3.6274,0.2500,11.51
29.448,0.3000,25.87,0.2392,3.6274,0.2500,11.45
29.476,0.3036,25.77,0.2392,3.6274,0.2500,11.39
29.541,0.3056,25.53,0.2392,3.6274,0.2500,11.33
29.592,0.3146,25.35,0.2392,3.6274,0.2500,11.27
29.653,0.3244,25.13,0.2392,3.6274,0.2500,11.21
29.690,0.3337,25.00,0.2392,3.6274,0.2500,11.15
29.748,0.3352,24.81,0.2392,3.6274,0.2500,11.09
29.786,0.3348,24.67,0.2392,3.6274,0.2500,11.04
29.836,0.3364,24.51,0.2392,3.6274,0.2500,10.98
29.888,0.3375,24.33,0.2392,3.6274,0.2500,10.93
29.931,0.3353,24.19,0.2392,3.6274,0.2500,10.87
30.003,0.3309,23.96,0.2392,3.6274,0.2500,10.82
30.055,0.3279,23.80,0.2392,3.6274,0.2500,10.76
30.093,0.3291,23.68,0.2392,3.6274,0.2500,10.71
30.151,0.3305,23.50,0.2392,3.6274,0.2500,10.66
30.213,0.3315,23.34,0.2392,3.6274,0.2500,10.60
30.261,0.3348,23.17,0.2392,3.6274,0.2500,10.55
30.302,0.3421,23.04,0.2392,3.6274,0.2500,10.50
30.357,0.3442,22.88,0.2392,3.6274,0.2500,10.45
30.395,0.3462,22.77,0.2392,3.6274,0.2500,10.40
30.455,0.3440,22.60,0.2392,3.6274,0.2500,10.35
30.517,0.3419,22.43,0.2392,3.6274,0.2500,10.30
30.556,0.3369,22.32,0.2392,3.6274,0.2500,10.25
30.607,0.3367,22.18,0.2392,3.6274,0.2500,10.20
30.664,0.3386,22.03,0.2392,3.6274,0.2500,10.15
30.702,0.3411,21.92,0.2392,3.6274,0.2500,10.10
30.760,0.3369,21.77,0.2392,3.6274,0.2500,10.06
30.826,0.3348,21.60,0.2392,3.6274,0.2500,10.01
30.860,0.3324,21.51,0.2392,3.6274,0.2500,9.96
30.921,0.3345,21.35,0.2392,3.6274,0.2500,9.92
30.980,0.3348,21.20,0.2392,3.6274,0.2500,9.87
31.020,0.3364,21.10,0.2392,3.6274,0.2500,9.83
31.067,0.3408,20.99,0.2392,3.6274,0.2500,9.78
31.124,0.3451,20.85,0.2392,3.6274,0.2500,9.74
31.164,0.3484,20.75,0.2392,3.6274,0.2500,9.70
31.223,0.3484,20.61,0.2392,3.6274,0.2500,9.65
31.287,0.3481,20.46,0.2392,3.6274,0.2500,9.61
31.330,0.3503,20.36,0.2392,3.6274,0.2500,9.57
31.372,0.3491,20.27,0.2392,3.6274,0.2500,9.52
31.434,0.3477,20.13,0.2392,3.6274,0.2500,9.48
31.461,0.3447,20.07,0.2392,3.6274,0.2500,9.44
31.524,0.3402,19.93,0.2392,3.6274,0.2500,9.40
31.575,0.3386,19.81,0.2392,3.6274,0.2500,9.36
31.616,0.3394,19.73,0.2392,3.6274,0.2500,9.32
31.659,0.3465,19.63,0.2392,3.6274,0.2500,9.28
31.725,0.3398,19.49,0.2392,3.6274,0.2500,9.24
31.767,0.3080,19.41,0.2392,3.6274,0.2500,9.20
31.805,0.2761,19.33,0.2392,3.6274,0.2500,9.16
31.854,0.2185,19.22,0.2392,3.6274,0.2500,9.12
31.899,0.1526,19.13,0.2392,3.6274,0.2500,9.08
31.953,0.1501,25.37,0.2039,2.6017,0.2000,10.28
31.995,0.1858,25.25,0.2039,2.6017,0.2000,10.24
32.057,0.2604,25.09,0.2039,2.6017,0.2000,10.19
32.103,0.2694,24.97,0.2039,2.6017,0.2000,10.15
32.165,0.2749,24.81,0.2039,2.6017,0.2000,10.11
32.203,0.2709,24.71,0.2039,2.6017,0.2000,10.07
32.252,0.2785,24.59,0.2039,2.6017,0.2000,10.03
32.300,0.2884,24.47,0.2039,2.6017,0.2000,9.99
32.347,0.3074,24.35,0.2039,2.6017,0.2000,9.94
32.401,0.3155,24.22,0.2039,2.6017,0.2000,9.90
32.445,0.3258,24.11,0.2039,2.6017,0.2000,9.86
32.491,0.3313,24.00,0.2039,2.6017,0.2000,9.83
32.556,0.3304,23.84,0.2039,2.6017,0.2000,9.79
32.596,0.3398,23.75,0.2039,2.6017,0.2000,9.75
32.640,0.3354,23.65,0.2039,2.6017,0.2000,9.71
32.692,0.3450,23.53,0.2039,2.6017,0.2000,9.67
32.741,0.3405,23.41,0.2039,2.6017,0.2000,9.63
32.791,0.3473,23.30,0.2039,2.6017,0.2000,9.59
32.839,0.3425,23.19,0.2039,2.6017,0.2000,9.56
32.865,0.3459,23.13,0.2039,2.6017,0.2000,9.52
32.933,0.3409,22.98,0.2039,2.6017,0.2000,9.48
32.972,0.3420,22.90,0.2039,2.6017,0.2000,9.45
33.019,0.3385,22.80,0.2039,2.6017,0.2000,9.41
33.080,0.3414,22.66,0.2039,2.6017,0.2000,9.37
33.128,0.3460,22.56,0.2039,2.6017,0.2000,9.34
33.180,0.3464,22.45,0.2039,2.6017,0.2000,9.30
33.238,0.3570,22.33,0.2039,2.6017,0.2000,9.27
33.294,0.3554,22.22,0.2039,2.6017,0.2000,9.23
33.334,0.3547,22.13,0.2039,2.6017,0.2000,9.20
33.374,0.3525,22.05,0.2039,2.6017,0.2000,9.16
33.420,0.3520,21.96,0.2039,2.6017,0.2000,9.13
33.486,0.3575,21.83,0.2039,2.6017,0.2000,9.09
33.525,0.3422,21.75,0.2039,2.6017,0.2000,9.06
33.551,0.3384,21.70,0.2039,2.6017,0.2000,9.03
33.605,0.3270,21.59,0.2039,2.6017,0.2000,8.99
33.643,0.3266,21.52,0.2039,2.6017,0.2000,8.96
33.692,0.3248,21.43,0.2039,2.6017,0.2000,8.93
33.738,0.3266,21.34,0.2039,2.6017,0.2000,8.90
33.797,0.3263,21.23,0.2039,2.6017,0.2000,8.86
33.838,0.3267,21.15,0.2039,2.6017,0.2000,8.83
33.884,0.3356,21.07,0.2039,2.6017,0.2000,8.80
33.941,0.3360,20.96,0.2039,2.6017,0.2000,8.77
33.984,0.3393,20.88,0.2039,2.6017,0.2000,8.74
34.037,0.3329,20.79,0.2039,2.6017,0.2000,8.71
34.076,0.3338,20.72,0.2039,2.6017,0.2000,8.68
34.132,0.2940,20.62,0.2039,2.6017,0.2000,8.64
34.172,0.2074,20.55,0.2039,2.6017,0.2000,8.61
34.230,0.1262,20.44,0.2039,2.6017,0.2000,8.58
34.276,0.1131,20.36,0.2039,2.6017,0.2000,8.55
34.342,0.1580,25.31,0.1971,2.3896,0.1667,10.30
34.382,0.2133,25.23,0.1971,2.3896,0.1667,10.27
34.429,0.2409,25.13,0.1971,2.3896,0.1667,10.23
34.475,0.2652,25.03,0.1971,2.3896,0.1667,10.20
34.524,0.2887,24.93,0.1971,2.3896,0.1667,10.16
34.578,0.3036,24.82,0.1971,2.3896,0.1667,10.13
34.622,0.3083,24.73,0.1971,2.3896,0.1667,10.09
34.678,0.3025,24.62,0.1971,2.3896,0.1667,10.06
34.719,0.2989,24.53,0.1971,2.3896,0.1667,10.02
34.764,0.3062,24.44,0.1971,2.3896,0.1667,9.99
34.812,0.3106,24.35,0.1971,2.3896,0.1667,9.96
34.871,0.3154,24.23,0.1971,2.3896,0.1667,9.92
34.926,0.3067,24.13,0.1971,2.3896,0.1667,9.89
34.966,0.3043,24.05,0.1971,2.3896,0.1667,9.86
35.023,0.3013,23.94,0.1971,2.3896,0.1667,9.82
35.076,0.3013,23.84,0.1971,2.3896,0.1667,9.79
35.115,0.2957,23.77,0.1971,2.3896,0.1667,9.76
35.176,0.2928,23.65,0.1971,2.3896,0.1667,9.73
35.241,0.2969,23.53,0.1971,2.3896,0.1667,9.69
35.300,0.3053,23.42,0.1971,2.3896,0.1667,9.66
35.339,0.3072,23.35,0.1971,2.3896,0.1667,9.63
35.397,0.3058,23.25,0.1971,2.3896,0.1667,9.60
35.445,0.3001,23.16,0.1971,2.3896,0.1667,9.57
35.484,0.3081,23.09,0.1971,2.3896,0.1667,9.54
35.544,0.3099,22.98,0.1971,2.3896,0.1667,9.51
35.565,0.3156,22.95,0.1971,2.3896,0.1667,9.48
35.610,0.3184,22.87,0.1971,2.3896,0.1667,9.45
35.665,0.3205,22.77,0.1971,2.3896,0.1667,9.42
35.707,0.3217,22.70,0.1971,2.3896,0.1667,9.39
35.777,0.3226,22.58,0.1971,2.3896,0.1667,9.36
35.814,0.3336,22.52,0.1971,2.3896,0.1667,9.33
35.852,0.3427,22.45,0.1971,2.3896,0.1667,9.30
35.910,0.3408,22.36,0.1971,2.3896,0.1667,9.27
35.948,0.3339,22.29,0.1971,2.3896,0.1667,9.24
35.999,0.3335,22.21,0.1971,2.3896,0.1667,9.21
36.044,0.3336,22.14,0.1971,2.3896,0.1667,9.18
36.091,0.3403,22.06,0.1971,2.3896,0.1667,9.15
36.149,0.3405,21.97,0.1971,2.3896,0.1667,9.13
36.186,0.3428,21.91,0.1971,2.3896,0.1667,9.10
36.247,0.3425,21.81,0.1971,2.3896,0.1667,9.07
36.283,0.3450,21.75,0.1971,2.3896,0.1667,9.04
36.342,0.3486,21.66,0.1971,2.3896,0.1667,9.02
36.395,0.3488,21.58,0.1971,2.3896,0.1667,8.99
36.441,0.3460,21.51,0.1971,2.3896,0.1667,8.96
36.500,0.3462,21.42,0.1971,2.3896,0.1667,8.93
36.550,0.3483,21.34,0.1971,2.3896,0.1667,8.91
36.600,0.3517,21.26,0.1971,2.3896,0.1667,8.88
36.652,0.3551,21.19,0.1971,2.3896,0.1667,8.85
36.696,0.3599,21.12,0.1971,2.3896,0.1667,8.83
36.743,0.2723,21.05,0.1971,2.3896,0.1667,8.80
36.796,0.1700,20.97,0.1971,2.3896,0.1667,8.77
36.845,0.0690,20.90,0.1971,2.3896,0.1667,8.75
36.889,0.0657,20.84,0.1971,2.3896,0.1667,8.72
36.939,0.0821,20.76,0.1971,2.3896,0.1667,8.70
37.012,0.1351,24.79,0.2091,2.6695,0.1429,11.04
37.052,0.1885,24.72,0.2091,2.6695,0.1429,11.01
37.101,0.2400,24.64,0.2091,2.6695,0.1429,10.97
37.146,0.2519,24.56,0.2091,2.6695,0.1429,10.94
37.206,0.2636,24.46,0.2091,2.6695,0.1429,10.91
37.253,0.2719,24.39,0.2091,2.6695,0.1429,10.88
37.291,0.2790,24.32,0.2091,2.6695,0.1429,10.85
37.354,0.2901,24.22,0.2091,2.6695,0.1429,10.82
37.409,0.2865,24.13,0.2091,2.6695,0.1429,10.78
37.454,0.2868,24.06,0.2091,2.6695,0.1429,10.75
37.513,0.2892,23.97,0.2091,2.6695,0.1429,10.72
37.542,0.3092,23.92,0.2091,2.6695,0.1429,10.69
37.588,0.3231,23.85,0.2091,2.6695,0.1429,10.66
37.627,0.3361,23.78,0.2091,2.6695,0.1429,10.63
37.686,0.3490,23.69,0.2091,2.6695,0.1429,10.60
37.741,0.3586,23.61,0.2091,2.6695,0.1429,10.57
37.782,0.3614,23.54,0.2091,2.6695,0.1429,10.54
37.819,0.3576,23.49,0.2091,2.6695,0.1429,10.51
37.877,0.3611,23.40,0.2091,2.6695,0.1429,10.48
37.916,0.3649,23.34,0.2091,2.6695,0.1429,10.46
37.959,0.3738,23.27,0.2091,2.6695,0.1429,10.43
38.022,0.3751,23.18,0.2091,2.6695,0.1429,10.40
38.084,0.3730,23.09,0.2091,2.6695,0.1429,10.37
38.122,0.3703,23.03,0.2091,2.6695,0.1429,10.34
38.172,0.3748,22.96,0.2091,2.6695,0.1429,10.31
38.239,0.3776,22.86,0.2091,2.6695,0.1429,10.28
38.276,0.3774,22.81,0.2091,2.6695,0.1429,10.26
38.324,0.3706,22.74,0.2091,2.6695,0.1429,10.23
38.363,0.3710,22.68,0.2091,2.6695,0.1429,10.20
38.411,0.3716,22.61,0.2091,2.6695,0.1429,10.17
38.461,0.3714,22.54,0.2091,2.6695,0.1429,10.15
38.511,0.3662,22.47,0.2091,2.6695,0.1429,10.12
38.556,0.3637,22.41,0.2091,2.6695,0.1429,10.09
38.615,0.3666,22.33,0.2091,2.6695,0.1429,10.06
38.669,0.3691,22.25,0.2091,2.6695,0.1429,10.04
38.729,0.3707,22.17,0.2091,2.6695,0.1429,10.01
38.790,0.3707,22.09,0.2091,2.6695,0.1429,9.98
38.827,0.3740,22.04,0.2091,2.6695,0.1429,9.96
38.887,0.3737,21.96,0.2091,2.6695,0.1429,9.93
38.949,0.3727,21.87,0.2091,2.6695,0.1429,9.91
38.989,0.3675,21.82,0.2091,2.6695,0.1429,9.88
39.053,0.3636,21.74,0.2091,2.6695,0.1429,9.85
39.094,0.3602,21.68,0.2091,2.6695,0.1429,9.83
39.132,0.3629,21.63,0.2091,2.6695,0.1429,9.80
39.180,0.3626,21.57,0.2091,2.6695,0.1429,9.78
39.235,0.3632,21.50,0.2091,2.6695,0.1429,9.75
39.287,0.3648,21.43,0.2091,2.6695,0.1429,9.73
39.339,0.3677,21.37,0.2091,2.6695,0.1429,9.70
39.405,0.3672,21.28,0.2091,2.6695,0.1429,9.68
39.429,0.3657,21.25,0.2091,2.6695,0.1429,9.65
39.489,0.3636,21.18,0.2091,2.6695,0.1429,9.63
39.531,0.3686,21.13,0.2091,2.6695,0.1429,9.60
39.588,0.3701,21.06,0.2091,2.6695,0.1429,9.58
39.627,0.3716,21.01,0.2091,2.6695,0.1429,9.55
39.685,0.3733,20.94,0.2091,2.6695,0.1429,9.53
39.726,0.3715,20.89,0.2091,2.6695,0.1429,9.50
39.771,0.2716,20.83,0.2091,2.6695,0.1429,9.48
39.830,0.1631,20.76,0.2091,2.6695,0.1429,9.46
39.869,0.0546,20.72,0.2091,2.6695,0.1429,9.43
39.938,0.0584,20.63,0.2091,2.6695,0.1429,9.41
39.990,0.1246,24.00,0.2105,2.9785,0.1250,11.02
40.029,0.1956,23.95,0.2105,2.9785,0.1250,11.00
40.076,0.2597,23.88,0.2105,2.9785,0.1250,10.97
40.141,0.2699,23.80,0.2105,2.9785,0.1250,10.94
40.166,0.2803,23.76,0.2105,2.9785,0.1250,10.92
40.220,0.2868,23.69,0.2105,2.9785,0.1250,10.89
40.267,0.2925,23.63,0.2105,2.9785,0.1250,10.86
40.326,0.3042,23.55,0.2105,2.9785,0.1250,10.84
40.363,0.3130,23.50,0.2105,2.9785,0.1250,10.81
40.425,0.3177,23.42,0.2105,2.9785,0.1250,10.78
40.488,0.3106,23.34,0.2105,2.9785,0.1250,10.76
40.533,0.3102,23.28,0.2105,2.9785,0.1250,10.73
40.576,0.3087,23.22,0.2105,2.9785,0.1250,10.70
40.631,0.3155,23.15,0.2105,2.9785,0.1250,10.68
40.694,0.3182,23.07,0.2105,2.9785,0.1250,10.65
40.733,0.3217,23.02,0.2105,2.9785,0.1250,10.63
40.789,0.3180,22.95,0.2105,2.9785,0.1250,10.60
40.831,0.3158,22.90,0.2105,2.9785,0.1250,10.58
40.876,0.3157,22.84,0.2105,2.9785,0.1250,10.55
40.927,0.3201,22.78,0.2105,2.9785,0.1250,10.53
40.973,0.3274,22.72,0.2105,2.9785,0.1250,10.50
41.030,0.3346,22.65,0.2105,2.9785,0.1250,10.48
41.069,0.3357,22.61,0.2105,2.9785,0.1250,10.45
41.119,0.3344,22.55,0.2105,2.9785,0.1250,10.43
41.179,0.3352,22.47,0.2105,2.9785,0.1250,10.40
41.212,0.3335,22.44,0.2105,2.9785,0.1250,10.38
41.275,0.3347,22.36,0.2105,2.9785,0.1250,10.35
41.332,0.3362,22.29,0.2105,2.9785,0.1250,10.33
41.393,0.3417,22.22,0.2105,2.9785,0.1250,10.31
41.431,0.3431,22.18,0.2105,2.9785,0.1250,10.28
41.469,0.3407,22.13,0.2105,2.9785,0.1250,10.26
41.526,0.3367,22.06,0.2105,2.9785,0.1250,10.23
41.564,0.3351,22.02,0.2105,2.9785,0.1250,10.21
41.620,0.3390,21.96,0.2105,2.9785,0.1250,10.19
41.659,0.3435,21.91,0.2105,2.9785,0.1250,10.16
41.707,0.3479,21.86,0.2105,2.9785,0.1250,10.14
41.760,0.3492,21.80,0.2105,2.9785,0.1250,10.12
41.804,0.3565,21.75,0.2105,2.9785,0.1250,10.09
41.862,0.3596,21.68,0.2105,2.9785,0.1250,10.07
41.899,0.3614,21.64,0.2105,2.9785,0.1250,10.05
41.975,0.3567,21.56,0.2105,2.9785,0.1250,10.02
42.006,0.3543,21.52,0.2105,2.9785,0.1250,10.00
42.059,0.3485,21.46,0.2105,2.9785,0.1250,9.98
42.108,0.3535,21.41,0.2105,2.9785,0.1250,9.96
42.165,0.3602,21.35,0.2105,2.9785,0.1250,9.93
42.203,0.3637,21.31,0.2105,2.9785,0.1250,9.91
42.266,0.3648,21.24,0.2105,2.9785,0.1250,9.89
42.327,0.3613,21.17,0.2105,2.9785,0.1250,9.87
42.373,0.3672,21.12,0.2105,2.9785,0.1250,9.85
42.411,0.3687,21.08,0.2105,2.9785,0.1250,9.82
42.468,0.3696,21.02,0.2105,2.9785,0.1250,9.80
42.511,0.3578,20.98,0.2105,2.9785,0.1250,9.78
42.555,0.2792,20.93,0.2105,2.9785,0.1250,9.76
42.603,0.1740,20.88,0.2105,2.9785,0.1250,9.74
42.657,0.0790,20.83,0.2105,2.9785,0.1250,9.72
42.737,0.1055,23.71,0.2070,2.7472,0.1111,10.90
42.774,0.1689,23.67,0.2070,2.7472,0.1111,10.87
42.811,0.2376,23.62,0.2070,2.7472,0.1111,10.85
42.870,0.2550,23.55,0.2070,2.7472,0.1111,10.83
42.902,0.2675,23.52,0.2070,2.7472,0.1111,10.80
42.957,0.2737,23.45,0.2070,2.7472,0.1111,10.78
42.999,0.2809,23.41,0.2070,2.7472,0.1111,10.76
43.037,0.2843,23.36,0.2070,2.7472,0.1111,10.73
43.089,0.2879,23.30,0.2070,2.7472,0.1111,10.71
43.132,0.2913,23.25,0.2070,2.7472,0.1111,10.69
43.185,0.2955,23.19,0.2070,2.7472,0.1111,10.66
43.239,0.3038,23.13,0.2070,2.7472,0.1111,10.64
43.302,0.3086,23.06,0.2070,2.7472,0.1111,10.62
43.345,0.3109,23.02,0.2070,2.7472,0.1111,10.60
43.389,0.3135,22.97,0.2070,2.7472,0.1111,10.57
43.438,0.3163,22.92,0.2070,2.7472,0.1111,10.55
43.478,0.3202,22.87,0.2070,2.7472,0.1111,10.53
43.542,0.3202,22.80,0.2070,2.7472,0.1111,10.51
43.579,0.3199,22.76,0.2070,2.7472,0.1111,10.48
43.636,0.3219,22.70,0.2070,2.7472,0.1111,10.46
43.691,0.3240,22.64,0.2070,2.7472,0.1111,10.44
43.736,0.3239,22.59,0.2070,2.7472,0.1111,10.42
43.774,0.3220,22.55,0.2070,2.7472,0.1111,10.40
43.820,0.3177,22.51,0.2070,2.7472,0.1111,10.37
43.880,0.3153,22.44,0.2070,2.7472,0.1111,10.35
43.942,0.3150,22.38,0.2070,2.7472,0.1111,10.33
43.979,0.3150,22.34,0.2070,2.7472,0.1111,10.31
44.047,0.3208,22.27,0.2070,2.7472,0.1111,10.29
44.079,0.3185,22.23,0.2070,2.7472,0.1111,10.27
44.137,0.3153,22.17,0.2070,2.7472,0.1111,10.25
44.166,0.3065,22.14,0.2070,2.7472,0.1111,10.22
44.216,0.3081,22.09,0.2070,2.7472,0.1111,10.20
44.278,0.3143,22.03,0.2070,2.7472,0.1111,10.18
44.316,0.3252,21.99,0.2070,2.7472,0.1111,10.16
44.364,0.3366,21.94,0.2070,2.7472,0.1111,10.14
44.411,0.3432,21.90,0.2070,2.7472,0.1111,10.12
44.470,0.3452,21.84,0.2070,2.7472,0.1111,10.10
44.524,0.3418,21.79,0.2070,2.7472,0.1111,10.08
44.558,0.3459,21.75,0.2070,2.7472,0.1111,10.06
44.604,0.3541,21.71,0.2070,2.7472,0.1111,10.04
44.651,0.3626,21.66,0.2070,2.7472,0.1111,10.02
44.699,0.3630,21.61,0.2070,2.7472,0.1111,10.00
44.753,0.3639,21.56,0.2070,2.7472,0.1111,9.98
44.805,0.3618,21.51,0.2070,2.7472,0.1111,9.96
44.847,0.3634,21.47,0.2070,2.7472,0.1111,9.94
44.893,0.3602,21.43,0.2070,2.7472,0.1111,9.92
44.948,0.3601,21.37,0.2070,2.7472,0.1111,9.90
44.988,0.3601,21.34,0.2070,2.7472,0.1111,9.88
45.046,0.3626,21.28,0.2070,2.7472,0.1111,9.86
45.083,0.3680,21.25,0.2070,2.7472,0.1111,9.84
45.134,0.3673,21.20,0.2070,2.7472,0.1111,9.82
45.180,0.3669,21.16,0.2070,2.7472,0.1111,9.80
45.239,0.3663,21.10,0.2070,2.7472,0.1111,9.78
45.285,0.3703,21.06,0.2070,2.7472,0.1111,9.76
45.343,0.3728,21.01,0.2070,2.7472,0.1111,9.74
45.382,0.3713,20.97,0.2070,2.7472,0.1111,9.72
45.426,0.3699,20.93,0.2070,2.7472,0.1111,9.71
45.468,0.3579,20.89,0.2070,2.7472,0.1111,9.69
45.537,0.3504,20.83,0.2070,2.7472,0.1111,9.67
45.574,0.3462,20.79,0.2070,2.7472,0.1111,9.65
45.613,0.3512,20.76,0.2070,2.7472,0.1111,9.63
45.684,0.3560,20.70,0.2070,2.7472,0.1111,9.61
45.723,0.3616,20.66,0.2070,2.7472,0.1111,9.59
45.781,0.3653,20.61,0.2070,2.7472,0.1111,9.57
45.839,0.3694,20.56,0.2070,2.7472,0.1111,9.56
45.878,0.3690,20.52,0.2070,2.7472,0.1111,9.54
45.918,0.3707,20.49,0.2070,2.7472,0.1111,9.52
45.964,0.3693,20.45,0.2070,2.7472,0.1111,9.50
46.012,0.3661,20.41,0.2070,2.7472,0.1111,9.48
46.065,0.3668,20.36,0.2070,2.7472,0.1111,9.46
46.109,0.3650,20.32,0.2070,2.7472,0.1111,9.45
46.156,0.3424,20.28,0.2070,2.7472,0.1111,9.43
46.205,0.2509,20.24,0.2070,2.7472,0.1111,9.41
46.251,0.1497,20.20,0.2070,2.7472,0.1111,9.39
46.312,0.1092,20.15,0.2070,2.7472,0.1111,9.38
46.367,0.1533,22.62,0.2021,3.6297,0.1000,10.27
46.422,0.2165,22.57,0.2021,3.6297,0.1000,10.26
46.462,0.2466,22.53,0.2021,3.6297,0.1000,10.24
46.519,0.2571,22.47,0.2021,3.6297,0.1000,10.22
46.557,0.2649,22.44,0.2021,3.6297,0.1000,10.20
46.615,0.2712,22.38,0.2021,3.6297,0.1000,10.18
46.652,0.2815,22.35,0.2021,3.6297,0.1000,10.16
46.699,0.2890,22.31,0.2021,3.6297,0.1000,10.14
46.747,0.2952,22.26,0.2021,3.6297,0.1000,10.12
46.801,0.2969,22.21,0.2021,3.6297,0.1000,10.10
46.851,0.2968,22.17,0.2021,3.6297,0.1000,10.08
46.892,0.2963,22.13,0.2021,3.6297,0.1000,10.07
46.942,0.3037,22.09,0.2021,3.6297,0.1000,10.05
46.988,0.3111,22.04,0.2021,3.6297,0.1000,10.03
47.042,0.3181,21.99,0.2021,3.6297,0.1000,10.01
47.083,0.3204,21.96,0.2021,3.6297,0.1000,9.99
47.160,0.3228,21.89,0.2021,3.6297,0.1000,9.97
47.222,0.3244,21.84,0.2021,3.6297,0.1000,9.96
47.261,0.3208,21.80,0.2021,3.6297,0.1000,9.94
47.307,0.3222,21.76,0.2021,3.6297,0.1000,9.92
47.356,0.3233,21.72,0.2021,3.6297,0.1000,9.90
47.415,0.3270,21.67,0.2021,3.6297,0.1000,9.88
47.470,0.3269,21.62,0.2021,3.6297,0.1000,9.87
47.525,0.3292,21.57,0.2021,3.6297,0.1000,9.85
47.589,0.3292,21.52,0.2021,3.6297,0.1000,9.83
47.633,0.3280,21.48,0.2021,3.6297,0.1000,9.81
47.689,0.3283,21.43,0.2021,3.6297,0.1000,9.79
47.751,0.3370,21.38,0.2021,3.6297,0.1000,9.78
47.804,0.3430,21.33,0.2021,3.6297,0.1000,9.76
47.864,0.3361,21.28,0.2021,3.6297,0.1000,9.74
47.900,0.3273,21.25,0.2021,3.6297,0.1000,9.73
47.949,0.3285,21.21,0.2021,3.6297,0.1000,9.71
47.996,0.3374,21.17,0.2021,3.6297,0.1000,9.69
48.045,0.3435,21.13,0.2021,3.6297,0.1000,9.67
48.099,0.3409,21.09,0.2021,3.6297,0.1000,9.66
48.145,0.3400,21.05,0.2021,3.6297,0.1000,9.64
48.181,0.3367,21.02,0.2021,3.6297,0.1000,9.62
48.245,0.3349,20.97,0.2021,3.6297,0.1000,9.61
48.295,0.3340,20.93,0.2021,3.6297,0.1000,9.59
48.352,0.3318,20.88,0.2021,3.6297,0.1000,9.57
48.402,0.3314,20.84,0.2021,3.6297,0.1000,9.55
48.455,0.3199,20.80,0.2021,3.6297,0.1000,9.54
48.517,0.2871,20.75,0.2021,3.6297,0.1000,9.52
48.561,0.2070,20.71,0.2021,3.6297,0.1000,9.50
48.597,0.1628,20.69,0.2021,3.6297,0.1000,9.49
48.661,0.1771,22.93,0.1919,2.2943,0.0909,9.99
48.716,0.2351,22.88,0.1919,2.2943,0.0909,9.98
48.759,0.2683,22.84,0.1919,2.2943,0.0909,9.96
48.802,0.2671,22.80,0.1919,2.2943,0.0909,9.94
48.847,0.2720,22.77,0.1919,2.2943,0.0909,9.93
48.899,0.2769,22.72,0.1919,2.2943,0.0909,9.91
48.947,0.2844,22.68,0.1919,2.2943,0.0909,9.89
48.987,0.2876,22.64,0.1919,2.2943,0.0909,9.87
49.035,0.2910,22.60,0.1919,2.2943,0.0909,9.86
49.083,0.2934,22.56,0.1919,2.2943,0.0909,9.84
49.142,0.2958,22.52,0.1919,2.2943,0.0909,9.82
49.191,0.2987,22.47,0.1919,2.2943,0.0909,9.81
49.252,0.3003,22.42,0.1919,2.2943,0.0909,9.79
49.291,0.2997,22.39,0.1919,2.2943,0.0909,9.77
49.335,0.2995,22.35,0.1919,2.2943,0.0909,9.76
49.396,0.3008,22.30,0.1919,2.2943,0.0909,9.74
49.441,0.3072,22.26,0.1919,2.2943,0.0909,9.72
49.497,0.3083,22.22,0.1919,2.2943,0.0909,9.71
49.524,0.2871,22.20,0.1919,2.2943,0.0909,9.69
49.590,0.2113,22.14,0.1919,2.2943,0.0909,9.68
49.628,0.1378,22.11,0.1919,2.2943,0.0909,9.66
49.676,0.0865,22.07,0.1919,2.2943,0.0909,9.64
49.733,0.0924,22.02,0.1919,2.2943,0.0909,9.63
49.772,0.1199,21.99,0.1919,2.2943,0.0909,9.61
49.829,0.1736,24.14,0.1961,1.1671,0.0833,10.79
49.869,0.2226,24.11,0.1961,1.1671,0.0833,10.77
49.925,0.2545,24.06,0.1961,1.1671,0.0833,10.75
49.973,0.2612,24.02,0.1961,1.1671,0.0833,10.73
50.011,0.2617,23.98,0.1961,1.1671,0.0833,10.71
50.072,0.2688,23.93,0.1961,1.1671,0.0833,10.70
50.135,0.2713,23.88,0.1961,1.1671,0.0833,10.68
50.188,0.2841,23.83,0.1961,1.1671,0.0833,10.66
50.247,0.2878,23.78,0.1961,1.1671,0.0833,10.64
50.294,0.2889,23.74,0.1961,1.1671,0.0833,10.63
50.357,0.2864,23.69,0.1961,1.1671,0.0833,10.61
50.396,0.2929,23.65,0.1961,1.1671,0.0833,10.59
50.471,0.3070,23.59,0.1961,1.1671,0.0833,10.57
50.525,0.3299,23.54,0.1961,1.1671,0.0833,10.56
50.565,0.3473,23.51,0.1961,1.1671,0.0833,10.54
50.628,0.3659,23.46,0.1961,1.1671,0.0833,10.52
50.666,0.3740,23.43,0.1961,1.1671,0.0833,10.51
50.724,0.3811,23.38,0.1961,1.1671,0.0833,10.49
50.763,0.3811,23.35,0.1961,1.1671,0.0833,10.47
50.807,0.3816,23.31,0.1961,1.1671,0.0833,10.45
50.870,0.3777,23.26,0.1961,1.1671,0.0833,10.44
50.920,0.3749,23.22,0.1961,1.1671,0.0833,10.42
50.960,0.3766,23.18,0.1961,1.1671,0.0833,10.40
51.003,0.3802,23.15,0.1961,1.1671,0.0833,10.39
51.060,0.3853,23.10,0.1961,1.1671,0.0833,10.37
51.101,0.3835,23.07,0.1961,1.1671,0.0833,10.35
51.147,0.3818,23.03,0.1961,1.1671,0.0833,10.34
51.195,0.3860,22.99,0.1961,1.1671,0.0833,10.32
51.251,0.3922,22.95,0.1961,1.1671,0.0833,10.30
51.300,0.3945,22.91,0.1961,1.1671,0.0833,10.29
51.343,0.3879,22.88,0.1961,1.1671,0.0833,10.27
51.391,0.3844,22.84,0.1961,1.1671,0.0833,10.26
51.435,0.3736,22.80,0.1961,1.1671,0.0833,10.24
51.483,0.3658,22.76,0.1961,1.1671,0.0833,10.22
51.531,0.3545,22.73,0.1961,1.1671,0.0833,10.21
51.584,0.3608,22.69,0.1961,1.1671,0.0833,10.19
51.628,0.3676,22.65,0.1961,1.1671,0.0833,10.17
51.678,0.3747,22.61,0.1961,1.1671,0.0833,10.16
51.735,0.3848,22.57,0.1961,1.1671,0.0833,10.14
51.799,0.3937,22.52,0.1961,1.1671,0.0833,10.13
51.836,0.3964,22.49,0.1961,1.1671,0.0833,10.11
51.886,0.3882,22.45,0.1961,1.1671,0.0833,10.10
51.933,0.3400,22.42,0.1961,1.1671,0.0833,10.08
51.980,0.2472,22.38,0.1961,1.1671,0.0833,10.06
52.034,0.1464,22.34,0.1961,1.1671,0.0833,10.05
52.075,0.0926,22.31,0.1961,1.1671,0.0833,10.03
52.135,0.1177,22.26,0.1961,1.1671,0.0833,10.02
52.187,0.1831,24.25,0.1970,2.3582,0.0769,10.96
52.220,0.2667,24.22,0.1970,2.3582,0.0769,10.95
52.276,0.3194,24.17,0.1970,2.3582,0.0769,10.93
52.317,0.3508,24.14,0.1970,2.3582,0.0769,10.91
52.375,0.3567,24.09,0.1970,2.3582,0.0769,10.90
52.439,0.3638,24.04,0.1970,2.3582,0.0769,10.88
52.477,0.3613,24.01,0.1970,2.3582,0.0769,10.86
52.546,0.3636,23.96,0.1970,2.3582,0.0769,10.85
52.599,0.3624,23.91,0.1970,2.3582,0.0769,10.83
52.645,0.3633,23.88,0.1970,2.3582,0.0769,10.81
52.697,0.3627,23.84,0.1970,2.3582,0.0769,10.80
52.742,0.3720,23.80,0.1970,2.3582,0.0769,10.78
52.780,0.3793,23.77,0.1970,2.3582,0.0769,10.76
52.833,0.3801,23.73,0.1970,2.3582,0.0769,10.75
52.877,0.3828,23.70,0.1970,2.3582,0.0769,10.73
52.924,0.3825,23.66,0.1970,2.3582,0.0769,10.71
52.981,0.3864,23.62,0.1970,2.3582,0.0769,10.70
53.024,0.3845,23.58,0.1970,2.3582,0.0769,10.68
53.068,0.3852,23.55,0.1970,2.3582,0.0769,10.67
53.115,0.3855,23.51,0.1970,2.3582,0.0769,10.65
53.175,0.3819,23.47,0.1970,2.3582,0.0769,10.63
53.216,0.3856,23.43,0.1970,2.3582,0.0769,10.62
53.267,0.3845,23.39,0.1970,2.3582,0.0769,10.60
53.308,0.3819,23.36,0.1970,2.3582,0.0769,10.59
53.349,0.3746,23.33,0.1970,2.3582,0.0769,10.57
53.416,0.3697,23.28,0.1970,2.3582,0.0769,10.55
53.476,0.3835,23.24,0.1970,2.3582,0.0769,10.54
53.517,0.3901,23.21,0.1970,2.3582,0.0769,10.52
53.587,0.4038,23.15,0.1970,2.3582,0.0769,10.51
53.638,0.4026,23.12,0.1970,2.3582,0.0769,10.49
53.680,0.4090,23.09,0.1970,2.3582,0.0769,10.48
53.740,0.4126,23.04,0.1970,2.3582,0.0769,10.46
53.787,0.4136,23.01,0.1970,2.3582,0.0769,10.45
53.845,0.4092,22.96,0.1970,2.3582,0.0769,10.43
53.884,0.3978,22.94,0.1970,2.3582,0.0769,10.42
53.948,0.3941,22.89,0.1970,2.3582,0.0769,10.40
53.982,0.3913,22.86,0.1970,2.3582,0.0769,10.38
54.028,0.4010,22.83,0.1970,2.3582,0.0769,10.37
54.086,0.3993,22.79,0.1970,2.3582,0.0769,10.35
54.148,0.4048,22.74,0.1970,2.3582,0.0769,10.34
54.187,0.3971,22.72,0.1970,2.3582,0.0769,10.32
54.235,0.4024,22.68,0.1970,2.3582,0.0769,10.31
54.283,0.3971,22.65,0.1970,2.3582,0.0769,10.29
54.343,0.3946,22.60,0.1970,2.3582,0.0769,10.28
54.380,0.3908,22.58,0.1970,2.3582,0.0769,10.26
54.432,0.3878,22.54,0.1970,2.3582,0.0769,10.25
54.476,0.3729,22.51,0.1970,2.3582,0.0769,10.23
54.530,0.3142,22.47,0.1970,2.3582,0.0769,10.22
54.583,0.2138,22.44,0.1970,2.3582,0.0769,10.21
54.621,0.1291,22.41,0.1970,2.3582,0.0769,10.19
54.672,0.1287,24.24,0.1888,2.4854,0.0714,10.56
54.721,0.1830,24.20,0.1888,2.4854,0.0714,10.55
54.763,0.2360,24.17,0.1888,2.4854,0.0714,10.53
54.810,0.2523,24.13,0.1888,2.4854,0.0714,10.52
54.859,0.2618,24.10,0.1888,2.4854,0.0714,10.50
54.919,0.2782,24.05,0.1888,2.4854,0.0714,10.49
54.981,0.2880,24.01,0.1888,2.4854,0.0714,10.47
55.024,0.2940,23.98,0.1888,2.4854,0.0714,10.46
55.074,0.2973,23.94,0.1888,2.4854,0.0714,10.44
55.115,0.2984,23.91,0.1888,2.4854,0.0714,10.43
55.163,0.3023,23.87,0.1888,2.4854,0.0714,10.41
55.233,0.3005,23.82,0.1888,2.4854,0.0714,10.40
55.286,0.3025,23.78,0.1888,2.4854,0.0714,10.38
55.324,0.3038,23.76,0.1888,2.4854,0.0714,10.37
55.380,0.3064,23.72,0.1888,2.4854,0.0714,10.35
55.420,0.3067,23.69,0.1888,2.4854,0.0714,10.34
55.477,0.3090,23.65,0.1888,2.4854,0.0714,10.32
55.516,0.3111,23.62,0.1888,2.4854,0.0714,10.31
55.557,0.3162,23.59,0.1888,2.4854,0.0714,10.30
55.599,0.3166,23.56,0.1888,2.4854,0.0714,10.28
55.642,0.3175,23.53,0.1888,2.4854,0.0714,10.27
55.709,0.3248,23.48,0.1888,2.4854,0.0714,10.25
55.750,0.3310,23.45,0.1888,2.4854,0.0714,10.24
55.798,0.3367,23.42,0.1888,2.4854,0.0714,10.22
55.845,0.3356,23.39,0.1888,2.4854,0.0714,10.21
55.884,0.3401,23.36,0.1888,2.4854,0.0714,10.20
55.958,0.3429,23.31,0.1888,2.4854,0.0714,10.18
55.995,0.3416,23.28,0.1888,2.4854,0.0714,10.17
56.055,0.3394,23.24,0.1888,2.4854,0.0714,10.15
56.108,0.3454,23.20,0.1888,2.4854,0.0714,10.14
56.155,0.3527,23.17,0.1888,2.4854,0.0714,10.13
56.214,0.3494,23.13,0.1888,2.4854,0.0714,10.11
56.255,0.3445,23.10,0.1888,2.4854,0.0714,10.10
56.316,0.3442,23.06,0.1888,2.4854,0.0714,10.08
56.362,0.3534,23.03,0.1888,2.4854,0.0714,10.07
56.421,0.3665,22.99,0.1888,2.4854,0.0714,10.06
56.460,0.3671,22.96,0.1888,2.4854,0.0714,10.04
56.524,0.3677,22.92,0.1888,2.4854,0.0714,10.03
56.571,0.3642,22.89,0.1888,2.4854,0.0714,10.02
56.621,0.3693,22.85,0.1888,2.4854,0.0714,10.00
56.662,0.3744,22.83,0.1888,2.4854,0.0714,9.99
56.728,0.3773,22.78,0.1888,2.4854,0.0714,9.97
56.765,0.3753,22.76,0.1888,2.4854,0.0714,9.96
56.821,0.3691,22.72,0.1888,2.4854,0.0714,9.95
56.860,0.3694,22.70,0.1888,2.4854,0.0714,9.93
56.909,0.3770,22.66,0.1888,2.4854,0.0714,9.92
56.955,0.3883,22.63,0.1888,2.4854,0.0714,9.91
57.007,0.3887,22.60,0.1888,2.4854,0.0714,9.89
57.055,0.2787,22.57,0.1888,2.4854,0.0714,9.88
57.100,0.1713,22.54,0.1888,2.4854,0.0714,9.87
57.161,0.0668,22.50,0.1888,2.4854,0.0714,9.85
57.221,0.0719,22.46,0.1888,2.4854,0.0714,9.84
57.272,0.1053,22.43,0.1888,2.4854,0.0714,9.83
57.321,0.1510,24.12,0.1942,2.6486,0.0667,10.88
57.372,0.2174,24.08,0.1942,2.6486,0.0667,10.86
57.424,0.2620,24.05,0.1942,2.6486,0.0667,10.85
57.467,0.2940,24.02,0.1942,2.6486,0.0667,10.83
57.526,0.3021,23.98,0.1942,2.6486,0.0667,10.82
57.567,0.3015,23.95,0.1942,2.6486,0.0667,10.80
57.623,0.3007,23.91,0.1942,2.6486,0.0667,10.79
57.660,0.3033,23.88,0.1942,2.6486,0.0667,10.78
57.707,0.3070,23.85,0.1942,2.6486,0.0667,10.76
57.770,0.3115,23.81,0.1942,2.6486,0.0667,10.75
57.820,0.3111,23.78,0.1942,2.6486,0.0667,10.73
57.853,0.3096,23.75,0.1942,2.6486,0.0667,10.72
57.899,0.3095,23.72,0.1942,2.6486,0.0667,10.71
57.947,0.3098,23.69,0.1942,2.6486,0.0667,10.69
57.996,0.3143,23.66,0.1942,2.6486,0.0667,10.68
58.044,0.3195,23.63,0.1942,2.6486,0.0667,10.66
58.093,0.3292,23.59,0.1942,2.6486,0.0667,10.65
58.132,0.3325,23.57,0.1942,2.6486,0.0667,10.64
58.186,0.3347,23.53,0.1942,2.6486,0.0667,10.62
58.235,0.3349,23.50,0.1942,2.6486,0.0667,10.61
58.288,0.3438,23.47,0.1942,2.6486,0.0667,10.59
58.357,0.3465,23.42,0.1942,2.6486,0.0667,10.58
58.395,0.3554,23.40,0.1942,2.6486,0.0667,10.57
58.444,0.3577,23.36,0.1942,2.6486,0.0667,10.55
58.493,0.3665,23.33,0.1942,2.6486,0.0667,10.54
58.564,0.3669,23.29,0.1942,2.6486,0.0667,10.53
58.609,0.3624,23.26,0.1942,2.6486,0.0667,10.51
58.660,0.3609,23.22,0.1942,2.6486,0.0667,10.50
58.699,0.3590,23.20,0.1942,2.6486,0.0667,10.49
58.749,0.3665,23.17,0.1942,2.6486,0.0667,10.47
58.795,0.3691,23.14,0.1942,2.6486,0.0667,10.46
58.863,0.3760,23.09,0.1942,2.6486,0.0667,10.44
58.901,0.3764,23.07,0.1942,2.6486,0.0667,10.43
58.939,0.3750,23.05,0.1942,2.6486,0.0667,10.42
58.997,0.3631,23.01,0.1942,2.6486,0.0667,10.40
59.036,0.3562,22.99,0.1942,2.6486,0.0667,10.39
59.093,0.3504,22.95,0.1942,2.6486,0.0667,10.38
59.131,0.3526,22.93,0.1942,2.6486,0.0667,10.37
59.188,0.3529,22.89,0.1942,2.6486,0.0667,10.35
59.237,0.3577,22.86,0.1942,2.6486,0.0667,10.34
59.278,0.3596,22.83,0.1942,2.6486,0.0667,10.33
59.334,0.3639,22.80,0.1942,2.6486,0.0667,10.31
59.372,0.3651,22.78,0.1942,2.6486,0.0667,10.30
59.428,0.3664,22.74,0.1942,2.6486,0.0667,10.29
59.468,0.3680,22.72,0.1942,2.6486,0.0667,10.27
59.515,0.3673,22.69,0.1942,2.6486,0.0667,10.26
59.563,0.3670,22.66,0.1942,2.6486,0.0667,10.25
59.605,0.3616,22.63,0.1942,2.6486,0.0667,10.24
59.643,0.3587,22.61,0.1942,2.6486,0.0667,10.22
59.704,0.3447,22.57,0.1942,2.6486,0.0667,10.21
59.761,0.2620,22.54,0.1942,2.6486,0.0667,10.20
59.798,0.1697,22.52,0.1942,2.6486,0.0667,10.18
59.841,0.0873,22.49,0.1942,2.6486,0.0667,10.17
59.894,0.1418,24.06,0.1901,2.5735,0.0625,10.66
59.933,0.2159,24.04,0.1901,2.5735,0.0625,10.64
59.975,0.2962,24.01,0.1901,2.5735,0.0625,10.63
60.038,0.3099,23.97,0.1901,2.5735,0.0625,10.62
60.077,0.3203,23.94,0.1901,2.5735,0.0625,10.60
60.134,0.3262,23.91,0.1901,2.5735,0.0625,10.59
60.172,0.3337,23.88,0.1901,2.5735,0.0625,10.58
60.230,0.3439,23.85,0.1901,2.5735,0.0625,10.56
60.269,0.3502,23.82,0.1901,2.5735,0.0625,10.55
60.317,0.3609,23.79,0.1901,2.5735,0.0625,10.54
60.364,0.3583,23.76,0.1901,2.5735,0.0625,10.52
60.411,0.3599,23.73,0.1901,2.5735,0.0625,10.51
60.473,0.3527,23.70,0.1901,2.5735,0.0625,10.50
60.524,0.3599,23.66,0.1901,2.5735,0.0625,10.49
60.577,0.3616,23.63,0.1901,2.5735,0.0625,10.47
60.632,0.3711,23.60,0.1901,2.5735,0.0625,10.46
60.672,0.3619,23.57,0.1901,2.5735,0.0625,10.45
60.712,0.3584,23.55,0.1901,2.5735,0.0625,10.43
60.780,0.3518,23.51,0.1901,2.5735,0.0625,10.42
60.828,0.3498,23.48,0.1901,2.5735,0.0625,10.41
60.863,0.3534,23.45,0.1901,2.5735,0.0625,10.40
60.908,0.3525,23.43,0.1901,2.5735,0.0625,10.38
60.959,0.3586,23.40,0.1901,2.5735,0.0625,10.37
61.005,0.3586,23.37,0.1901,2.5735,0.0625,10.36
61.082,0.3613,23.32,0.1901,2.5735,0.0625,10.35
61.131,0.3574,23.29,0.1901,2.5735,0.0625,10.33
61.179,0.3574,23.26,0.1901,2.5735,0.0625,10.32
61.241,0.3547,23.23,0.1901,2.5735,0.0625,10.31
61.306,0.3539,23.19,0.1901,2.5735,0.0625,10.30
61.343,0.3515,23.17,0.1901,2.5735,0.0625,10.28
61.390,0.3426,23.14,0.1901,2.5735,0.0625,10.27
61.449,0.3402,23.10,0.1901,2.5735,0.0625,10.26
61.478,0.3425,23.08,0.1901,2.5735,0.0625,10.25
61.544,0.3504,23.05,0.1901,2.5735,0.0625,10.24
61.599,0.3508,23.01,0.1901,2.5735,0.0625,10.22
61.643,0.3474,22.99,0.1901,2.5735,0.0625,10.21
61.692,0.3524,22.96,0.1901,2.5735,0.0625,10.20
61.738,0.3592,22.93,0.1901,2.5735,0.0625,10.19
61.808,0.3678,22.89,0.1901,2.5735,0.0625,10.17
61.854,0.3608,22.86,0.1901,2.5735,0.0625,10.16
61.899,0.3490,22.84,0.1901,2.5735,0.0625,10.15
61.947,0.3418,22.81,0.1901,2.5735,0.0625,10.14
62.006,0.3534,22.78,0.1901,2.5735,0.0625,10.13
62.073,0.3712,22.74,0.1901,2.5735,0.0625,10.11
62.102,0.3711,22.72,0.1901,2.5735,0.0625,10.10
62.155,0.3039,22.69,0.1901,2.5735,0.0625,10.09
62.215,0.2088,22.66,0.1901,2.5735,0.0625,10.08
62.244,0.1193,22.64,0.1901,2.5735,0.0625,10.07
62.284,0.0951,22.62,0.1901,2.5735,0.0625,10.05
62.331,0.1644,24.10,0.1893,2.4371,0.0588,10.66
62.381,0.2403,24.07,0.1893,2.4371,0.0588,10.65
62.429,0.3101,24.04,0.1893,2.4371,0.0588,10.64
62.475,0.3144,24.01,0.1893,2.4371,0.0588,10.63
62.553,0.3184,23.96,0.1893,2.4371,0.0588,10.61
62.617,0.3310,23.92,0.1893,2.4371,0.0588,10.60
62.678,0.3411,23.89,0.1893,2.4371,0.0588,10.59
62.727,0.3464,23.86,0.1893,2.4371,0.0588,10.58
62.775,0.3445,23.83,0.1893,2.4371,0.0588,10.57
62.815,0.3448,23.81,0.1893,2.4371,0.0588,10.55
62.859,0.3491,23.78,0.1893,2.4371,0.0588,10.54
62.917,0.3536,23.75,0.1893,2.4371,0.0588,10.53
62.955,0.3541,23.73,0.1893,2.4371,0.0588,10.52
63.019,0.3563,23.69,0.1893,2.4371,0.0588,10.50
63.052,0.3569,23.67,0.1893,2.4371,0.0588,10.49
63.100,0.3658,23.64,0.1893,2.4371,0.0588,10.48
63.167,0.3786,23.60,0.1893,2.4371,0.0588,10.47
63.213,0.3790,23.57,0.1893,2.4371,0.0588,10.46
63.289,0.3797,23.53,0.1893,2.4371,0.0588,10.44
63.326,0.3807,23.51,0.1893,2.4371,0.0588,10.43
63.380,0.3861,23.48,0.1893,2.4371,0.0588,10.42
63.422,0.3823,23.45,0.1893,2.4371,0.0588,10.41
63.476,0.3762,23.42,0.1893,2.4371,0.0588,10.40
63.518,0.3723,23.40,0.1893,2.4371,0.0588,10.38
63.567,0.3789,23.37,0.1893,2.4371,0.0588,10.37
63.623,0.3742,23.34,0.1893,2.4371,0.0588,10.36
63.662,0.3817,23.32,0.1893,2.4371,0.0588,10.35
63.710,0.3743,23.29,0.1893,2.4371,0.0588,10.34
63.754,0.3766,23.27,0.1893,2.4371,0.0588,10.33
63.813,0.3696,23.23,0.1893,2.4371,0.0588,10.31
63.851,0.3715,23.21,0.1893,2.4371,0.0588,10.30
63.900,0.3710,23.18,0.1893,2.4371,0.0588,10.29
63.946,0.3688,23.16,0.1893,2.4371,0.0588,10.28
64.013,0.3638,23.12,0.1893,2.4371,0.0588,10.27
64.060,0.3620,23.09,0.1893,2.4371,0.0588,10.26
64.120,0.3646,23.06,0.1893,2.4371,0.0588,10.24
64.180,0.3678,23.03,0.1893,2.4371,0.0588,10.23
64.219,0.3676,23.01,0.1893,2.4371,0.0588,10.22
64.273,0.3656,22.98,0.1893,2.4371,0.0588,10.21
64.333,0.3655,22.94,0.1893,2.4371,0.0588,10.20
64.390,0.3634,22.91,0.1893,2.4371,0.0588,10.19
64.428,0.3668,22.89,0.1893,2.4371,0.0588,10.18
64.485,0.3666,22.86,0.1893,2.4371,0.0588,10.16
64.524,0.3738,22.84,0.1893,2.4371,0.0588,10.15
64.572,0.3716,22.81,0.1893,2.4371,0.0588,10.14
64.620,0.3769,22.79,0.1893,2.4371,0.0588,10.13
64.677,0.3840,22.76,0.1893,2.4371,0.0588,10.12
64.716,0.3845,22.74,0.1893,2.4371,0.0588,10.11
64.764,0.3870,22.71,0.1893,2.4371,0.0588,10.10
64.822,0.3799,22.68,0.1893,2.4371,0.0588,10.08
64.865,0.3852,22.66,0.1893,2.4371,0.0588,10.07
64.916,0.3473,22.63,0.1893,2.4371,0.0588,10.06
64.972,0.2406,22.60,0.1893,2.4371,0.0588,10.05
65.013,0.1732,22.58,0.1893,2.4371,0.0588,10.04
65.051,0.1538,23.97,0.1828,2.7201,0.0556,10.29
65.120,0.2155,23.93,0.1828,2.7201,0.0556,10.28
65.171,0.2359,23.90,0.1828,2.7201,0.0556,10.27
65.233,0.2560,23.86,0.1828,2.7201,0.0556,10.26
65.271,0.2622,23.84,0.1828,2.7201,0.0556,10.25
65.318,0.2696,23.82,0.1828,2.7201,0.0556,10.24
65.360,0.2655,23.79,0.1828,2.7201,0.0556,10.22
65.403,0.2665,23.77,0.1828,2.7201,0.0556,10.21
65.451,0.2682,23.74,0.1828,2.7201,0.0556,10.20
65.500,0.2711,23.72,0.1828,2.7201,0.0556,10.19
65.559,0.2743,23.68,0.1828,2.7201,0.0556,10.18
65.597,0.2787,23.66,0.1828,2.7201,0.0556,10.17
65.655,0.2798,23.63,0.1828,2.7201,0.0556,10.16
65.716,0.2861,23.60,0.1828,2.7201,0.0556,10.15
65.755,0.2894,23.58,0.1828,2.7201,0.0556,10.14
65.819,0.2898,23.54,0.1828,2.7201,0.0556,10.12
65.863,0.2858,23.52,0.1828,2.7201,0.0556,10.11
65.919,0.2858,23.49,0.1828,2.7201,0.0556,10.10
65.972,0.2886,23.46,0.1828,2.7201,0.0556,10.09
66.021,0.2798,23.43,0.1828,2.7201,0.0556,10.08
66.059,0.2768,23.41,0.1828,2.7201,0.0556,10.07
66.121,0.2755,23.38,0.1828,2.7201,0.0556,10.06
66.149,0.2862,23.36,0.1828,2.7201,0.0556,10.05
66.203,0.2900,23.33,0.1828,2.7201,0.0556,10.04
66.264,0.2957,23.30,0.1828,2.7201,0.0556,10.03
66.320,0.2986,23.27,0.1828,2.7201,0.0556,10.02
66.363,0.2986,23.25,0.1828,2.7201,0.0556,10.01
66.422,0.3021,23.22,0.1828,2.7201,0.0556,9.99
66.484,0.3088,23.19,0.1828,2.7201,0.0556,9.98
66.523,0.3077,23.17,0.1828,2.7201,0.0556,9.97
66.599,0.3031,23.13,0.1828,2.7201,0.0556,9.96
66.637,0.2995,23.11,0.1828,2.7201,0.0556,9.95
66.693,0.3132,23.08,0.1828,2.7201,0.0556,9.94
66.731,0.3209,23.06,0.1828,2.7201,0.0556,9.93
66.788,0.3235,23.03,0.1828,2.7201,0.0556,9.92
66.828,0.3239,23.01,0.1828,2.7201,0.0556,9.91
66.886,0.3258,22.98,0.1828,2.7201,0.0556,9.90
66.933,0.3349,22.95,0.1828,2.7201,0.0556,9.89
66.971,0.3317,22.93,0.1828,2.7201,0.0556,9.88
67.033,0.3313,22.90,0.1828,2.7201,0.0556,9.87
67.071,0.3253,22.88,0.1828,2.7201,0.0556,9.86
67.116,0.3235,22.86,0.1828,2.7201,0.0556,9.85
67.163,0.3229,22.83,0.1828,2.7201,0.0556,9.84
67.221,0.3188,22.81,0.1828,2.7201,0.0556,9.83
67.280,0.3214,22.77,0.1828,2.7201,0.0556,9.82
67.305,0.3156,22.76,0.1828,2.7201,0.0556,9.81
67.356,0.3105,22.74,0.1828,2.7201,0.0556,9.80
67.420,0.2493,22.70,0.1828,2.7201,0.0556,9.78
67.464,0.1782,22.68,0.1828,2.7201,0.0556,9.77
67.526,0.1071,22.65,0.1828,2.7201,0.0556,9.76
67.563,0.1086,22.63,0.1828,2.7201,0.0556,9.75
67.620,0.1641,23.93,0.1838,2.5688,0.0526,10.37
67.683,0.2286,23.90,0.1838,2.5688,0.0526,10.36
67.734,0.2672,23.87,0.1838,2.5688,0.0526,10.35
67.777,0.2686,23.85,0.1838,2.5688,0.0526,10.34
67.821,0.2739,23.83,0.1838,2.5688,0.0526,10.33
67.868,0.2827,23.80,0.1838,2.5688,0.0526,10.32
67.915,0.2860,23.78,0.1838,2.5688,0.0526,10.31
67.982,0.2905,23.74,0.1838,2.5688,0.0526,10.30
68.012,0.2902,23.73,0.1838,2.5688,0.0526,10.29
68.075,0.2977,23.69,0.1838,2.5688,0.0526,10.28
68.102,0.2983,23.68,0.1838,2.5688,0.0526,10.27
68.167,0.3002,23.64,0.1838,2.5688,0.0526,10.25
68.194,0.3001,23.63,0.1838,2.5688,0.0526,10.24
68.262,0.3024,23.60,0.1838,2.5688,0.0526,10.23
68.301,0.3149,23.58,0.1838,2.5688,0.0526,10.22
68.346,0.3267,23.55,0.1838,2.5688,0.0526,10.21
68.405,0.3341,23.52,0.1838,2.5688,0.0526,10.20
68.463,0.3277,23.49,0.1838,2.5688,0.0526,10.19
68.507,0.3276,23.47,0.1838,2.5688,0.0526,10.18
68.540,0.3228,23.45,0.1838,2.5688,0.0526,10.17
68.598,0.3349,23.42,0.1838,2.5688,0.0526,10.16
68.637,0.3329,23.40,0.1838,2.5688,0.0526,10.15
68.692,0.3374,23.38,0.1838,2.5688,0.0526,10.14
68.740,0.3340,23.35,0.1838,2.5688,0.0526,10.13
68.781,0.3347,23.33,0.1838,2.5688,0.0526,10.12
68.838,0.3351,23.30,0.1838,2.5688,0.0526,10.11
68.892,0.3345,23.28,0.1838,2.5688,0.0526,10.10
68.958,0.3354,23.24,0.1838,2.5688,0.0526,10.09
68.998,0.3308,23.22,0.1838,2.5688,0.0526,10.08
69.036,0.3306,23.20,0.1838,2.5688,0.0526,10.07
69.084,0.3345,23.18,0.1838,2.5688,0.0526,10.06
69.133,0.3374,23.15,0.1838,2.5688,0.0526,10.05
69.179,0.3406,23.13,0.1838,2.5688,0.0526,10.04
69.237,0.3384,23.10,0.1838,2.5688,0.0526,10.03
69.275,0.3363,23.08,0.1838,2.5688,0.0526,10.02
69.336,0.3321,23.05,0.1838,2.5688,0.0526,10.01
69.399,0.3322,23.02,0.1838,2.5688,0.0526,10.00
69.453,0.3390,23.00,0.1838,2.5688,0.0526,9.99
69.482,0.3416,22.98,0.1838,2.5688,0.0526,9.98
69.534,0.3462,22.96,0.1838,2.5688,0.0526,9.97
69.579,0.3441,22.94,0.1838,2.5688,0.0526,9.96
69.640,0.3464,22.91,0.1838,2.5688,0.0526,9.95
69.701,0.3413,22.88,0.1838,2.5688,0.0526,9.94
69.740,0.3419,22.86,0.1838,2.5688,0.0526,9.93
69.808,0.3393,22.82,0.1838,2.5688,0.0526,9.92
69.846,0.3396,22.81,0.1838,2.5688,0.0526,9.91
69.903,0.3402,22.78,0.1838,2.5688,0.0526,9.90
69.947,0.3424,22.76,0.1838,2.5688,0.0526,9.89
70.009,0.3476,22.73,0.1838,2.5688,0.0526,9.88
70.063,0.3487,22.70,0.1838,2.5688,0.0526,9.87
70.102,0.2613,22.68,0.1838,2.5688,0.0526,9.86
70.142,0.1626,22.66,0.1838,2.5688,0.0526,9.85
70.187,0.0704,22.64,0.1838,2.5688,0.0526,9.84
70.245,0.0661,22.62,0.1838,2.5688,0.0526,9.83
70.302,0.0758,22.59,0.1838,2.5688,0.0526,9.82
70.345,0.0967,22.57,0.1838,2.5688,0.0526,9.81
70.379,0.1315,22.55,0.1838,2.5688,0.0526,9.80
70.436,0.1978,23.78,0.1917,2.8153,0.0500,10.78
70.475,0.2439,23.76,0.1917,2.8153,0.0500,10.77
70.534,0.2813,23.73,0.1917,2.8153,0.0500,10.75
70.581,0.2867,23.71,0.1917,2.8153,0.0500,10.74
70.619,0.2938,23.69,0.1917,2.8153,0.0500,10.73
70.678,0.2964,23.66,0.1917,2.8153,0.0500,10.72
70.741,0.3003,23.63,0.1917,2.8153,0.0500,10.71
70.794,0.3058,23.60,0.1917,2.8153,0.0500,10.70
70.839,0.3127,23.58,0.1917,2.8153,0.0500,10.69
70.895,0.3159,23.55,0.1917,2.8153,0.0500,10.68
70.939,0.3201,23.53,0.1917,2.8153,0.0500,10.67
70.983,0.3208,23.51,0.1917,2.8153,0.0500,10.66
71.022,0.3226,23.49,0.1917,2.8153,0.0500,10.65
71.076,0.3224,23.46,0.1917,2.8153,0.0500,10.64
71.117,0.3246,23.44,0.1917,2.8153,0.0500,10.63
71.179,0.3225,23.42,0.1917,2.8153,0.0500,10.62
71.227,0.3228,23.39,0.1917,2.8153,0.0500,10.61
71.275,0.3236,23.37,0.1917,2.8153,0.0500,10.60
71.350,0.3306,23.33,0.1917,2.8153,0.0500,10.59
71.392,0.3335,23.31,0.1917,2.8153,0.0500,10.58
71.446,0.3306,23.29,0.1917,2.8153,0.0500,10.57
71.500,0.3290,23.26,0.1917,2.8153,0.0500,10.56
71.547,0.3307,23.24,0.1917,2.8153,0.0500,10.55
71.596,0.3354,23.22,0.1917,2.8153,0.0500,10.54
71.643,0.3354,23.19,0.1917,2.8153,0.0500,10.53
71.711,0.3315,23.16,0.1917,2.8153,0.0500,10.52
71.755,0.3290,23.14,0.1917,2.8153,0.0500,10.51
71.804,0.3303,23.12,0.1917,2.8153,0.0500,10.50
71.851,0.3279,23.10,0.1917,2.8153,0.0500,10.49
71.912,0.3304,23.07,0.1917,2.8153,0.0500,10.48
71.973,0.3290,23.04,0.1917,2.8153,0.0500,10.47
72.023,0.3315,23.02,0.1917,2.8153,0.0500,10.46
72.066,0.3318,23.00,0.1917,2.8153,0.0500,10.45
72.119,0.3367,22.97,0.1917,2.8153,0.0500,10.44
72.181,0.3424,22.94,0.1917,2.8153,0.0500,10.43
72.234,0.3451,22.92,0.1917,2.8153,0.0500,10.42
72.276,0.3452,22.90,0.1917,2.8153,0.0500,10.41
72.315,0.3473,22.88,0.1917,2.8153,0.0500,10.40
72.363,0.3514,22.86,0.1917,2.8153,0.0500,10.39
72.420,0.3521,22.83,0.1917,2.8153,0.0500,10.38
72.459,0.3537,22.81,0.1917,2.8153,0.0500,10.37
72.518,0.3492,22.79,0.1917,2.8153,0.0500,10.36
72.557,0.3239,22.77,0.1917,2.8153,0.0500,10.35
72.614,0.2500,22.74,0.1917,2.8153,0.0500,10.34
72.668,0.1642,22.72,0.1917,2.8153,0.0500,10.33
72.712,0.0969,22.70,0.1917,2.8153,0.0500,10.32
72.759,0.1118,22.68,0.1917,2.8153,0.0500,10.31
72.797,0.1638,23.85,0.1913,2.3614,0.0476,10.82
72.845,0.2181,23.83,0.1913,2.3614,0.0476,10.81
72.890,0.2487,23.81,0.1913,2.3614,0.0476,10.80
72.946,0.2588,23.78,0.1913,2.3614,0.0476,10.79
72.989,0.2704,23.76,0.1913,2.3614,0.0476,10.78
73.053,0.2743,23.73,0.1913,2.3614,0.0476,10.77
73.097,0.2777,23.71,0.1913,2.3614,0.0476,10.76
73.134,0.2850,23.70,0.1913,2.3614,0.0476,10.75
73.185,0.2916,23.67,0.1913,2.3614,0.0476,10.74
73.226,0.2987,23.65,0.1913,2.3614,0.0476,10.73
73.275,0.3030,23.63,0.1913,2.3614,0.0476,10.72
73.337,0.3042,23.60,0.1913,2.3614,0.0476,10.71
73.382,0.3099,23.58,0.1913,2.3614,0.0476,10.70
73.421,0.3144,23.56,0.1913,2.3614,0.0476,10.69
73.482,0.3188,23.53,0.1913,2.3614,0.0476,10.68
73.507,0.3171,23.52,0.1913,2.3614,0.0476,10.67
73.557,0.3173,23.50,0.1913,2.3614,0.0476,10.66
73.602,0.3177,23.48,0.1913,2.3614,0.0476,10.65
73.657,0.3197,23.45,0.1913,2.3614,0.0476,10.64
73.708,0.3199,23.43,0.1913,2.3614,0.0476,10.63
73.760,0.3241,23.41,0.1913,2.3614,0.0476,10.62
73.803,0.3260,23.39,0.1913,2.3614,0.0476,10.61
73.852,0.3310,23.36,0.1913,2.3614,0.0476,10.60
73.924,0.3344,23.33,0.1913,2.3614,0.0476,10.59
73.965,0.3401,23.31,0.1913,2.3614,0.0476,10.58
74.022,0.3373,23.29,0.1913,2.3614,0.0476,10.57
74.084,0.3432,23.26,0.1913,2.3614,0.0476,10.56
74.122,0.3480,23.24,0.1913,2.3614,0.0476,10.55
74.183,0.3575,23.21,0.1913,2.3614,0.0476,10.54
74.215,0.3566,23.20,0.1913,2.3614,0.0476,10.53
74.262,0.3587,23.18,0.1913,2.3614,0.0476,10.52
74.299,0.3630,23.16,0.1913,2.3614,0.0476,10.51
74.360,0.3576,23.14,0.1913,2.3614,0.0476,10.50
74.420,0.3621,23.11,0.1913,2.3614,0.0476,10.49
74.475,0.3633,23.08,0.1913,2.3614,0.0476,10.48
74.517,0.3684,23.07,0.1913,2.3614,0.0476,10.47
74.556,0.3560,23.05,0.1913,2.3614,0.0476,10.46
74.606,0.3477,23.03,0.1913,2.3614,0.0476,10.45
74.665,0.3502,23.00,0.1913,2.3614,0.0476,10.44
74.726,0.3580,22.97,0.1913,2.3614,0.0476,10.43
74.768,0.3585,22.95,0.1913,2.3614,0.0476,10.42
74.811,0.3553,22.94,0.1913,2.3614,0.0476,10.41
74.865,0.3529,22.91,0.1913,2.3614,0.0476,10.40
74.919,0.3529,22.89,0.1913,2.3614,0.0476,10.39
74.976,0.3538,22.87,0.1913,2.3614,0.0476,10.39
75.030,0.2593,22.84,0.1913,2.3614,0.0476,10.38
75.071,0.1650,22.82,0.1913,2.3614,0.0476,10.37
75.126,0.0655,22.80,0.1913,2.3614,0.0476,10.36
75.184,0.0619,22.77,0.1913,2.3614,0.0476,10.35
75.223,0.1335,23.89,0.1913,2.4260,0.0455,10.86
75.266,0.2170,23.87,0.1913,2.4260,0.0455,10.85
75.321,0.3066,23.85,0.1913,2.4260,0.0455,10.84
75.365,0.3218,23.83,0.1913,2.4260,0.0455,10.83
75.417,0.3250,23.81,0.1913,2.4260,0.0455,10.82
75.465,0.3239,23.79,0.1913,2.4260,0.0455,10.81
75.519,0.3311,23.76,0.1913,2.4260,0.0455,10.80
75.562,0.3404,23.74,0.1913,2.4260,0.0455,10.79
75.612,0.3499,23.72,0.1913,2.4260,0.0455,10.78
75.660,0.3524,23.70,0.1913,2.4260,0.0455,10.77
75.708,0.3532,23.68,0.1913,2.4260,0.0455,10.76
75.764,0.3537,23.65,0.1913,2.4260,0.0455,10.75
75.802,0.3542,23.63,0.1913,2.4260,0.0455,10.74
75.864,0.3633,23.61,0.1913,2.4260,0.0455,10.73
75.926,0.3583,23.58,0.1913,2.4260,0.0455,10.72
75.978,0.3590,23.56,0.1913,2.4260,0.0455,10.71
76.032,0.3534,23.53,0.1913,2.4260,0.0455,10.71
76.062,0.3610,23.52,0.1913,2.4260,0.0455,10.70
76.101,0.3651,23.50,0.1913,2.4260,0.0455,10.69
76.165,0.3614,23.47,0.1913,2.4260,0.0455,10.68
76.204,0.3607,23.46,0.1913,2.4260,0.0455,10.67
76.262,0.3595,23.43,0.1913,2.4260,0.0455,10.66
76.299,0.3650,23.42,0.1913,2.4260,0.0455,10.65
76.356,0.3681,23.39,0.1913,2.4260,0.0455,10.64
76.394,0.3674,23.38,0.1913,2.4260,0.0455,10.63
76.454,0.3627,23.35,0.1913,2.4260,0.0455,10.62
76.505,0.3628,23.33,0.1913,2.4260,0.0455,10.61
76.566,0.3628,23.30,0.1913,2.4260,0.0455,10.60
76.624,0.3766,23.28,0.1913,2.4260,0.0455,10.59
76.662,0.3645,23.26,0.1913,2.4260,0.0455,10.58
76.715,0.3555,23.24,0.1913,2.4260,0.0455,10.57
76.762,0.3441,23.22,0.1913,2.4260,0.0455,10.56
76.806,0.3480,23.20,0.1913,2.4260,0.0455,10.56
76.883,0.3536,23.17,0.1913,2.4260,0.0455,10.55
76.934,0.3548,23.14,0.1913,2.4260,0.0455,10.54
76.987,0.3647,23.12,0.1913,2.4260,0.0455,10.53
77.045,0.3661,23.10,0.1913,2.4260,0.0455,10.52
77.098,0.3655,23.07,0.1913,2.4260,0.0455,10.51
77.146,0.3609,23.05,0.1913,2.4260,0.0455,10.50
77.204,0.3634,23.03,0.1913,2.4260,0.0455,10.49
77.243,0.3582,23.01,0.1913,2.4260,0.0455,10.48
77.301,0.3516,22.99,0.1913,2.4260,0.0455,10.47
77.345,0.3446,22.97,0.1913,2.4260,0.0455,10.46
77.396,0.3493,22.95,0.1913,2.4260,0.0455,10.45
77.434,0.3502,22.93,0.1913,2.4260,0.0455,10.45
77.485,0.3528,22.91,0.1913,2.4260,0.0455,10.44
77.543,0.3286,22.89,0.1913,2.4260,0.0455,10.43
77.574,0.2417,22.87,0.1913,2.4260,0.0455,10.42
77.617,0.1407,22.86,0.1913,2.4260,0.0455,10.41
77.669,0.0854,22.84,0.1913,2.4260,0.0455,10.40
77.708,0.1132,22.82,0.1913,2.4260,0.0455,10.39
77.759,0.1616,22.80,0.1913,2.4260,0.0455,10.38
77.803,0.2027,23.86,0.1930,2.5802,0.0435,10.96
77.861,0.2281,23.84,0.1930,2.5802,0.0435,10.95
77.923,0.2467,23.81,0.1930,2.5802,0.0435,10.95
77.949,0.2506,23.80,0.1930,2.5802,0.0435,10.94
77.996,0.2615,23.78,0.1930,2.5802,0.0435,10.93
78.053,0.2665,23.76,0.1930,2.5802,0.0435,10.92
78.102,0.2730,23.74,0.1930,2.5802,0.0435,10.91
78.141,0.2762,23.72,0.1930,2.5802,0.0435,10.90
78.212,0.2820,23.69,0.1930,2.5802,0.0435,10.89
78.272,0.2829,23.67,0.1930,2.5802,0.0435,10.88
78.300,0.2779,23.65,0.1930,2.5802,0.0435,10.87
78.347,0.2785,23.63,0.1930,2.5802,0.0435,10.86
78.407,0.2816,23.61,0.1930,2.5802,0.0435,10.85
78.446,0.2847,23.59,0.1930,2.5802,0.0435,10.84
78.517,0.2829,23.56,0.1930,2.5802,0.0435,10.83
78.565,0.2837,23.54,0.1930,2.5802,0.0435,10.82
78.603,0.2856,23.52,0.1930,2.5802,0.0435,10.81
78.647,0.2887,23.51,0.1930,2.5802,0.0435,10.81
78.713,0.2903,23.48,0.1930,2.5802,0.0435,10.80
78.768,0.2913,23.46,0.1930,2.5802,0.0435,10.79
78.811,0.2929,23.44,0.1930,2.5802,0.0435,10.78
78.873,0.2910,23.41,0.1930,2.5802,0.0435,10.77
78.924,0.2932,23.39,0.1930,2.5802,0.0435,10.76
78.997,0.2903,23.36,0.1930,2.5802,0.0435,10.75
79.046,0.2877,23.34,0.1930,2.5802,0.0435,10.74
79.093,0.2845,23.32,0.1930,2.5802,0.0435,10.73
79.141,0.3007,23.30,0.1930,2.5802,0.0435,10.72
79.180,0.3137,23.29,0.1930,2.5802,0.0435,10.71
79.237,0.3283,23.26,0.1930,2.5802,0.0435,10.71
79.275,0.3280,23.25,0.1930,2.5802,0.0435,10.70
79.323,0.3327,23.23,0.1930,2.5802,0.0435,10.69
79.381,0.3336,23.20,0.1930,2.5802,0.0435,10.68
79.419,0.3389,23.19,0.1930,2.5802,0.0435,10.67
79.478,0.3476,23.16,0.1930,2.5802,0.0435,10.66
79.519,0.3516,23.15,0.1930,2.5802,0.0435,10.65
79.566,0.3536,23.13,0.1930,2.5802,0.0435,10.64
79.611,0.3363,23.11,0.1930,2.5802,0.0435,10.63
79.668,0.2899,23.09,0.1930,2.5802,0.0435,10.63
79.717,0.1950,23.07,0.1930,2.5802,0.0435,10.62
79.785,0.1085,23.04,0.1930,2.5802,0.0435,10.61
79.822,0.0630,23.02,0.1930,2.5802,0.0435,10.60
79.876,0.0957,23.00,0.1930,2.5802,0.0435,10.59
79.916,0.1518,24.03,0.1937,2.1134,0.0417,11.10
79.975,0.2020,24.01,0.1937,2.1134,0.0417,11.09
80.014,0.2313,23.99,0.1937,2.1134,0.0417,11.08
80.077,0.2582,23.96,0.1937,2.1134,0.0417,11.07
80.118,0.2844,23.95,0.1937,2.1134,0.0417,11.07
80.156,0.2935,23.93,0.1937,2.1134,0.0417,11.06
80.216,0.2899,23.91,0.1937,2.1134,0.0417,11.05
80.281,0.2826,23.88,0.1937,2.1134,0.0417,11.04
80.342,0.2855,23.85,0.1937,2.1134,0.0417,11.03
80.380,0.2885,23.84,0.1937,2.1134,0.0417,11.02
80.436,0.2913,23.82,0.1937,2.1134,0.0417,11.01
80.484,0.2900,23.80,0.1937,2.1134,0.0417,11.00
80.523,0.2909,23.78,0.1937,2.1134,0.0417,10.99
80.580,0.2932,23.76,0.1937,2.1134,0.0417,10.98
80.619,0.2981,23.74,0.1937,2.1134,0.0417,10.97
80.679,0.3006,23.72,0.1937,2.1134,0.0417,10.97
80.716,0.3071,23.70,0.1937,2.1134,0.0417,10.96
80.770,0.3030,23.68,0.1937,2.1134,0.0417,10.95
80.812,0.3047,23.66,0.1937,2.1134,0.0417,10.94
80.854,0.3023,23.64,0.1937,2.1134,0.0417,10.93
80.908,0.3094,23.62,0.1937,2.1134,0.0417,10.92
80.938,0.3123,23.61,0.1937,2.1134,0.0417,10.91
80.986,0.3148,23.59,0.1937,2.1134,0.0417,10.90
81.037,0.3158,23.57,0.1937,2.1134,0.0417,10.89
81.082,0.3183,23.55,0.1937,2.1134,0.0417,10.89
81.131,0.3230,23.53,0.1937,2.1134,0.0417,10.88
81.179,0.3264,23.51,0.1937,2.1134,0.0417,10.87
81.240,0.3211,23.49,0.1937,2.1134,0.0417,10.86
81.286,0.3166,23.47,0.1937,2.1134,0.0417,10.85
81.329,0.3113,23.45,0.1937,2.1134,0.0417,10.84
81.382,0.3125,23.43,0.1937,2.1134,0.0417,10.83
81.419,0.3095,23.42,0.1937,2.1134,0.0417,10.82
81.478,0.3081,23.40,0.1937,2.1134,0.0417,10.81
81.515,0.3054,23.38,0.1937,2.1134,0.0417,10.81
81.566,0.3114,23.36,0.1937,2.1134,0.0417,10.80
81.600,0.3209,23.35,0.1937,2.1134,0.0417,10.79
81.668,0.3290,23.32,0.1937,2.1134,0.0417,10.78
81.697,0.3336,23.31,0.1937,2.1134,0.0417,10.77
81.749,0.3339,23.29,0.1937,2.1134,0.0417,10.76
81.788,0.3353,23.27,0.1937,2.1134,0.0417,10.75
81.845,0.3316,23.25,0.1937,2.1134,0.0417,10.75
81.879,0.3338,23.24,0.1937,2.1134,0.0417,10.74
81.933,0.3381,23.22,0.1937,2.1134,0.0417,10.73
81.985,0.3393,23.20,0.1937,2.1134,0.0417,10.72
82.026,0.3349,23.18,0.1937,2.1134,0.0417,10.71
82.080,0.3370,23.16,0.1937,2.1134,0.0417,10.70
82.123,0.3440,23.14,0.1937,2.1134,0.0417,10.69
82.172,0.3487,23.12,0.1937,2.1134,0.0417,10.68
82.220,0.3451,23.10,0.1937,2.1134,0.0417,10.68
82.279,0.3434,23.08,0.1937,2.1134,0.0417,10.67
82.316,0.3247,23.07,0.1937,2.1134,0.0417,10.66
82.364,0.2335,23.05,0.1937,2.1134,0.0417,10.65
82.415,0.1396,23.03,0.1937,2.1134,0.0417,10.64
82.464,0.0740,23.01,0.1937,2.1134,0.0417,10.63
82.517,0.1178,24.00,0.1920,2.6003,0.0400,10.93
